{
  "hash": "787808a5",
  "configHash": "ca78dd6a",
  "lockfileHash": "b54fdf84",
  "browserHash": "af5ef727",
  "optimized": {
    "@angular/common": {
      "src": "../../../../../../node_modules/@angular/common/fesm2022/common.mjs",
      "file": "@angular_common.js",
      "fileHash": "bfb08fa6",
      "needsInterop": false
    },
    "@angular/common/http": {
      "src": "../../../../../../node_modules/@angular/common/fesm2022/http.mjs",
      "file": "@angular_common_http.js",
      "fileHash": "ed8246f9",
      "needsInterop": false
    },
    "@angular/core": {
      "src": "../../../../../../node_modules/@angular/core/fesm2022/core.mjs",
      "file": "@angular_core.js",
      "fileHash": "ff1c2600",
      "needsInterop": false
    },
    "@angular/fire/compat": {
      "src": "../../../../../../node_modules/@angular/fire/fesm2022/angular-fire-compat.mjs",
      "file": "@angular_fire_compat.js",
      "fileHash": "6b0903db",
      "needsInterop": false
    },
    "@angular/fire/compat/auth": {
      "src": "../../../../../../node_modules/@angular/fire/fesm2022/angular-fire-compat-auth.mjs",
      "file": "@angular_fire_compat_auth.js",
      "fileHash": "0967b97f",
      "needsInterop": false
    },
    "@angular/forms": {
      "src": "../../../../../../node_modules/@angular/forms/fesm2022/forms.mjs",
      "file": "@angular_forms.js",
      "fileHash": "ab4d9902",
      "needsInterop": false
    },
    "@angular/platform-browser": {
      "src": "../../../../../../node_modules/@angular/platform-browser/fesm2022/platform-browser.mjs",
      "file": "@angular_platform-browser.js",
      "fileHash": "1d872bdf",
      "needsInterop": false
    },
    "@angular/router": {
      "src": "../../../../../../node_modules/@angular/router/fesm2022/router.mjs",
      "file": "@angular_router.js",
      "fileHash": "0e651db8",
      "needsInterop": false
    },
    "firebase/compat/app": {
      "src": "../../../../../../node_modules/firebase/compat/app/dist/esm/index.esm.js",
      "file": "firebase_compat_app.js",
      "fileHash": "de061e92",
      "needsInterop": false
    },
    "rxjs": {
      "src": "../../../../../../node_modules/rxjs/dist/esm5/index.js",
      "file": "rxjs.js",
      "fileHash": "ec5101aa",
      "needsInterop": false
    }
  },
  "chunks": {
    "index.esm-4L5OTV2Z": {
      "file": "index__esm-4L5OTV2Z.js"
    },
    "chunk-SVFGSBTD": {
      "file": "chunk-SVFGSBTD.js"
    },
    "chunk-I2E762P7": {
      "file": "chunk-I2E762P7.js"
    },
    "chunk-V2W2CMHM": {
      "file": "chunk-V2W2CMHM.js"
    },
    "chunk-NEKU525M": {
      "file": "chunk-NEKU525M.js"
    },
    "chunk-YK5SZAWJ": {
      "file": "chunk-YK5SZAWJ.js"
    },
    "chunk-Q4DSCHOF": {
      "file": "chunk-Q4DSCHOF.js"
    },
    "chunk-IMY6LQEJ": {
      "file": "chunk-IMY6LQEJ.js"
    },
    "chunk-3GEVCWPP": {
      "file": "chunk-3GEVCWPP.js"
    },
    "chunk-OPJDHPG3": {
      "file": "chunk-OPJDHPG3.js"
    },
    "chunk-IYEYSCYL": {
      "file": "chunk-IYEYSCYL.js"
    },
    "chunk-35ENWJA4": {
      "file": "chunk-35ENWJA4.js"
    }
  }
}